IRIS,P19_POP2064_CR,P19_RP_3040M2_CR,P19_RP_VOIT1_CR,P19_RP_VOIT2P_CR,label
950020000,-0.8589654269225686,-0.6660985828781978,-1.0149076924829474,0.12459787882103919,1
950080000,-1.0025840388390872,-0.6856754397003672,-1.0054785948059128,-0.5459776213147662,1
950110000,-1.3467665279716452,-0.8147725224797704,-1.2922481100186294,-0.9098549601407117,1
950120000,-1.499549151885917,-0.8160817683695526,-1.3738197979314621,-1.1832922644371617,1
950140000,0.19681521150253428,0.5239039479171781,-0.12900172837527757,0.9061367669008915,3
950180101,1.9716846107086525,4.252280530640455,1.8889410704897456,0.38035627692651647,4
950180102,0.49270373997600414,1.1017599319809717,0.37587034354095156,0.14133398670414057,2
950180201,0.5246574310787162,1.1876650825718142,0.46982922037266284,-0.8458681459961589,2
950180202,1.992984628918491,1.9657077320821836,2.985422038820154,-0.31814481674424777,4
950180203,0.536282542902106,1.9909271967901137,0.6429760135334704,-0.9703289011883621,4
950180204,1.4258533691373647,2.3025390464502173,1.08941787612438,-0.6279760802732812,4
950180301,0.12017134626823987,0.08691649531378622,0.18838116799005938,-0.2788440128530038,2
950180302,0.6951476785041407,2.2870498862987483,0.4003260439871105,-0.10391946353820283,4
950180303,-1.3582893303072083,-0.02752270468499016,-1.2064439289703692,-1.3428367446918033,1
950180304,1.3853851773081436,3.5454757799181293,1.482548472667026,0.12390523864572987,4
950180401,0.2652706196709474,1.1310654764490855,0.5507044420278858,-0.20522309460721222,2
950180402,1.461499371355803,1.7745222917826713,1.3855831668988494,0.03811123490799967,4
950180403,0.9513349347646244,0.46299190560233794,0.7585769527387772,0.30974070783759,2
950180404,1.2515411122792133,0.9829268280826691,0.7133430880798444,0.16874247576417262,2
950180405,1.420939591186918,1.5628376096854042,1.237403097055068,0.5350255577743884,4
950180501,0.32020393319762624,0.08939433251243382,0.25171967798792283,-0.7243232827473594,2
950180502,0.9256334103728242,-0.037456196445610955,1.000226131605572,-0.6178547696081523,2
950180503,0.29447575619133387,0.08408047813121156,0.07917699277673756,-0.7769704054369458,2
950180504,0.8228765923774848,1.282385758286103,0.6523475536520423,-0.49035966884136906,2
950180601,-1.5641865485730495,-0.81521802358837,-1.439385844873339,-1.3131304057968136,1
950180602,-1.3702583383148268,-0.8776792277639834,-1.370640551552912,-1.3166791253691252,1
950180603,0.46366572749852347,-0.21849176134177078,-0.013403347996777547,-0.7508557985028771,2
950180604,1.0845563470371085,-0.33972736160655514,0.6949924068124784,-0.5011968859315062,2
950180605,0.6376372159395649,-0.1778936655523717,0.22082883283496468,-0.7379866208202247,2
950180606,-0.3076915409458115,-0.4975752874746308,-0.34097783033399726,-0.9617548965622279,1
950180607,-0.14222758585286582,-0.5481445931276514,-0.2924073172001605,-0.7123997818690535,1
950180701,-0.10141239446570528,-0.8283901396675325,-0.2861530945914542,1.0687690578035933,2
950180702,0.8209793444247814,-0.061136581110855515,0.700355284871673,1.601645926056103,3
950180703,0.4295581435828793,-0.20374606079854984,0.3324900061522267,0.5297144540665009,2
950180801,0.8148999994364972,0.615578767779847,0.5755273182032143,0.4828589080240376,2
950180802,1.1632447853474197,0.6328782886482126,0.8861165032089388,0.8366914593156203,3
950180901,0.2899309375170552,-0.29367735627538055,0.19042028665725455,0.29397753959823364,2
950180902,2.506466642246066,3.15277275503125,2.6868399214893794,1.136150039097255,4
950180903,0.4381903261377024,1.0837805675343752,0.1684566503976434,-0.17247745187454924,2
950181001,0.6314495190702619,-0.0236873844450312,0.4772348513301465,-0.07193230094513832,2
950181002,0.6070605662968706,1.6740378954215034,0.5760261221754291,-0.6536009004843779,4
950181003,0.11522988138081675,0.019955041991354398,0.14510143548133506,-0.0817680537041251,2
950190101,0.13839127243134738,-0.45799372142715034,-0.278966483283176,0.5811902133447998,2
950190102,0.17060351693084133,0.7200765703535076,0.41106443859036923,-0.3359684352510769,2
950190103,-0.1565202896322523,-0.5726801968153666,-0.209134727190835,0.025122048333276296,2
950190104,0.05128311086349804,0.38151488748028084,-0.03869719929022909,0.05241771830363055,2
950190105,0.06370519369449776,-0.6747266384734291,-0.3817651761719639,0.42850237069606295,2
950190106,0.1606138935017197,-0.021707610929398578,0.18770378544266775,-0.11312433647023966,2
950230000,-1.1764628710549612,-0.8616789120920154,-1.159370078208759,-0.5951320035664514,1
950240000,-1.4469410545018762,-0.8616789120920154,-1.3307492301801107,-1.103060620167197,1
950260000,0.5297905054319686,0.7391106194423002,0.11874358516822794,2.084084857464073,3
950280000,-0.27680616075731096,-0.5369598315244125,-0.7337248057301466,0.4261892654233959,2
950390101,0.20426385587405266,0.3703453946495227,0.3795447558197047,1.005116218627296,3
950390102,-0.20016542794657263,-0.3336684949170705,-0.06464202582032919,0.8794994639841007,2
950390103,0.06644878145110072,-0.605673861340527,-0.2010458406546703,1.119809777214561,2
950400000,-1.0523697175556952,-0.8139021522871656,-1.0559754864446065,-0.3422248722218913,1
950420000,-0.2156213241435392,-0.46167102029281476,-0.41789293090413565,0.8358066797603807,2
950460000,-1.5525563451811477,-0.8616789120920154,-1.4356752415911425,-1.2341389728383572,1
950510101,-0.14031350486681893,-0.013302746427871121,0.3530058002627505,0.07869176457872928,2
950510102,-0.04469604698260079,-0.30135319160624097,-0.0284101213838278,0.7349174037449007,2
950510103,-0.25473111095308865,-0.621516992209827,-0.248858812331056,0.3467208892757789,2
950510104,-0.09629480233332548,0.09874766065798037,-0.11582875119902862,0.5052543375186413,2
950510105,-1.4969020729648843,-0.8616745004705935,-1.4251170011637677,-1.1681875868857956,1
950520101,0.5456423469032636,2.7299349043989407,0.8639956909832008,0.2863646531859416,4
950520102,0.26670721360794786,0.9832650519012834,0.8995556150724663,0.4995852201899989,2
950520103,0.05124496178401864,-0.2039591816497783,-0.16881561153281535,0.22314996214631927,2
950520104,-0.3463641612195035,-0.18739514943344937,-0.3960086486301325,-0.2259524959839378,2
950540000,-1.4855807949942925,-0.8616789120920154,-1.4041974381678328,-1.130368610307022,1
950550000,-1.3603993426930538,-0.8127155400732863,-1.2750779604665383,-0.893179210235399,1
950560000,-0.050456943200799506,-0.3511536705166175,-0.26210229848934613,0.8945689031690102,2
950580000,0.35337321316233417,-0.7988381032708218,-0.1511900431724362,1.0053680132475098,2
950590000,-1.3966514029621953,-0.8127092982139816,-1.308621396857876,-0.9901630478962508,1
950600101,0.31564898090437987,0.559541771202985,0.14440767144518174,1.1607919372877362,3
950600102,0.7946677393050119,0.40113560279083177,0.6401371087596961,1.421623302029666,3
950600103,-0.07975476002058628,-0.45809429553644065,-0.15700619243191796,-0.050809719269276826,2
950610000,-1.3593842662727027,-0.8610248311397892,-1.2847658095629073,-0.8537891042837522,1
950630101,-0.30222518645069074,0.09121227143818214,-0.575448962246519,-0.9798896601085038,1
950630102,0.5692640486491303,0.6238232729633416,0.7634840569912769,-0.5953067937574089,2
950630103,0.8735736758504303,0.4312190157738479,0.8798982738776215,-0.13594140693364024,2
950630104,0.9005828152301407,0.484127133707755,0.9007301942920433,-0.2901784116980576,2
950630105,0.8086287459499725,0.2149131689801582,0.7315062993974483,0.19394043283620713,2
950630106,0.05475204142959911,1.8473836662949414,0.2081643679695596,-0.6841322925014802,2
950630107,-0.1981461202780497,1.3715503804856077,0.034471835263620514,-0.5718875270786431,2
950630108,0.25691463186132346,-0.1257483265835672,0.36164061201926284,0.18774810329685826,2
950630109,0.3649135845635717,0.9355920391351179,0.7027528576282873,-0.5359859029693346,2
950630110,1.48464620976702,1.5096906263050451,1.6207570858183695,-0.26877059797226205,4
950630111,1.1312498933158734,0.08567709879910325,1.3440213033126778,0.5439289755027155,2
950740000,-1.0322424876037921,-0.7552159929600526,-1.1135176157562694,-0.37478367143235475,1
950780000,-0.24104685865939668,-0.5047152779013009,-0.4531677019842513,0.5300277458317956,2
950880000,-0.8005362351865118,-0.40969072015641217,-0.7755474665186538,-0.44539083276346175,1
950910101,0.11281647004200045,-0.5416725986526549,-0.25700638007388715,0.9341154442637508,2
950910102,-0.37790823421168823,-0.8776792277639834,-0.43188306575893987,0.33333966118759994,2
950910103,-0.004390742784996058,-0.46167102029281476,-0.012179020114813375,-0.0817417889377406,2
950940000,-1.4198932361571845,-0.7656770180602073,-1.3237541627527087,-1.086675826083302,1
951010000,-0.9955738666816225,-0.7342084111576898,-1.0586743345140786,-0.47414056365622775,1
951020000,-1.3732679492963353,-0.862288447927138,-1.3166924756355218,-0.8629583678139912,1
951100000,-1.503428675126504,-0.7646103303487427,-1.3645254129009954,-1.1606934831670566,1
951160000,1.531666340829562,-0.1131863539837476,0.639038113058011,2.673888840134637,3
951190000,-1.4093236571433216,-0.82937827482923,-1.3262242959380102,-1.040627727710022,1
951200000,0.048340535622726076,-0.5416966654468938,-0.1921865360958475,0.8619293028916222,2
951270101,-0.24893066223312962,-0.8592848979928817,-0.24743055956304502,-0.6659523014799346,1
951270102,0.14887600516620453,0.476083205483657,0.41066936258498254,-0.4592811203479799,2
951270103,-0.5457663099300503,-0.6898467726295745,-0.34444836980426363,-1.1406060470903872,1
951270104,0.9381200331719897,3.2680134834770267,0.9580906946243873,-0.7691624842816166,4
951270105,0.2505147237119592,3.4459516871241105,0.1765679192178601,-0.4093030098096783,4
951270106,1.1407210693292393,1.5652394736282471,1.10408010499366,1.4541013255706574,3
951270107,0.4551093648697448,1.899976716687528,0.5947740175516957,-0.2307809297800905,4
951270108,-1.6491849260991334,-0.8776792277639834,-1.488217757017036,-1.4198333057891674,1
951270109,-1.479052552136386,-0.8431374810253212,-1.4161304433498958,-1.4021474232349072,1
951270110,0.3329891819139457,-0.108669325033349,0.20901481947032693,-0.6861103058838876,2
951270111,0.9559012938834772,2.6140014625697465,1.0861010734847774,-0.5827939364515128,4
951270112,0.13810694181345357,-0.1352371192815375,0.2367554147253165,-0.3318309777802222,2
951270113,-0.009403125584388274,-0.12656859445662685,-0.2614869033418169,-0.36646424576757747,2
951270114,1.4730343652742994,1.109608221438216,1.557221338909151,-0.19329930497956008,4
951270115,-0.5179890816026675,-0.2679367093796257,-0.6614659688280697,-0.9001150048596093,1
951270116,-0.09031587959399734,-0.418358695104503,-0.523776614688477,-0.43003136806218073,2
951270117,-0.0436231823938925,0.33613477742407083,-0.04852183421535431,-0.904386234048597,2
951270118,0.5455050270707494,-0.09011775624344996,0.1475173633095373,-0.8169920037609186,2
951270119,-0.9518129405578358,-0.30774040657605495,-0.8347393433643302,-1.0303647227819583,1
951270120,-0.14757777081619683,-0.44647328174867096,-0.020533391892773863,-0.8623916667339787,1
951270121,-0.18209798627436724,-0.5971486606684149,-0.8282818424573442,-0.702975471330301,1
951270122,-0.5709747232220989,-0.20813151396320356,-0.5040738372067226,-0.7605617448302051,1
951270123,-0.4904864010552948,-0.2320213293128951,-0.5013811118024032,-0.8853866659360732,1
951270125,-0.5886860181864068,-0.8776792277639834,-0.6631123642782963,-0.6074486160801584,1
951270127,0.14996547613932357,-0.8776792277639834,-0.18095341919340086,-0.28974814986108743,2
951270130,8.13713667359906,8.383505547234806,8.733311715175947,2.6300090602018997,5
951270132,0.31821311264085456,-0.49505541312559415,0.17635929428411307,0.36720158039559203,2
951340000,2.1120330046687283,0.10600164381735992,1.3424474562326525,3.822072541525636,3
951390000,-1.422469218856679,-0.8776792277639834,-1.3587294998897192,-1.0156750517197568,1
951410000,-1.6259718521167388,-0.8296782807480794,-1.474148112441854,-1.3706789235374823,1
951420000,-0.13061389506022306,-0.07766344416558207,-0.309469385779403,0.5463419842782352,2
951440000,-1.5989240337720474,-0.8296782807480794,-1.4531629101596477,-1.3542941294535873,1
951490000,0.7207483871226856,-0.2696672322291984,0.12772232843322878,2.747365989548133,3
951500000,-1.2168588783970733,-0.7442963660296618,-1.124594925429419,-0.7443645851026939,1
951510000,-1.4310963043407068,-0.8776792277639834,-1.3846995069654775,-0.9762987847465205,1
951540000,-1.4259157764870682,-0.8287418897627877,-1.3463392798379727,-1.0974214136677496,1
951570000,-1.570140169750787,-0.8464931387789686,-1.4030145813929888,-1.2495107840665216,1
951660000,-1.2936700838819575,-0.8776792277639834,-1.2538034884786875,-0.8955198951045267,1
951690000,-1.297879619720079,-0.8313377258024209,-1.3107739812859664,-0.7890883495327655,1
951700000,-1.2660917104038085,-0.8283986062994753,-1.1704607383552479,-0.732945122147049,1
951760101,1.3332528121478349,2.8370733968501347,1.7323183287147887,0.9057113945528601,4
951760102,0.9114723230327778,0.9077903903870301,1.2544581971067776,0.7375504241257413,2
951760103,3.194140159436675,1.5328980815874864,2.5983617237382015,3.4627813246945873,3
951760104,1.883039209804485,0.34097362159428646,1.5204818361803705,2.3053333865526193,3
951760105,1.231805547575785,0.31382024420809645,1.610097988104142,1.490017732176718,3
951760106,0.625033769138976,1.0195281437958474,0.48041288499542284,1.289766560038685,3
951770000,-0.7105045463275074,-0.46664109585051194,-0.7979979493142587,0.06178799601314573,1
951810000,-1.440380078431687,-0.8312890507821702,-1.3023464396191828,-1.1031339302078405,1
951830000,3.701355672556673,1.052780692887869,2.9926279261429523,3.8798068715529923,3
951970101,1.1111844727285138,1.918486303708944,1.7169867653423552,0.856456768720026,4
951970102,0.04515974631929923,-0.3364398612829645,0.19935130637510712,0.3480888313064475,2
951970103,0.08957329787864451,-0.42838880454408856,0.12721032690664597,0.16779922615994425,2
951970104,-0.03395275715659031,0.4118522705237797,0.24872941939995719,-0.3543280963801288,2
951970105,-0.0573106212489073,0.429022527852342,0.48748471557752787,-0.4505947691893974,2
951970106,0.5714212612580788,0.10134853431587733,0.6541998015059751,-0.354584398007012,2
951970107,-0.32098537974320046,-0.2818158908524344,-0.08607541476876493,-0.8855871495774063,1
951970108,0.6370811881413896,1.2328180577905572,1.1046435384697872,-0.1801565655786074,4
951970109,0.07069431239577902,-0.14628583085183053,0.3166018105563776,0.12214687191390956,2
951990101,0.49700653011979307,0.15656016148494944,0.7665668677760201,0.34429847688389625,2
951990102,-0.35268448218122356,0.1312659689040412,-0.3121811633446836,-0.2998344667331752,2
951990103,-0.06502847994423881,-0.08431325595205479,0.33986615353928973,0.14723840708009459,2
951990104,0.056973811838721945,0.05799066427537743,-0.10891084166649707,0.2634257679557911,2
951990105,-0.0006607563423624594,-0.21186929517627315,0.09922549168764444,0.4851662847850015,2
951990106,-0.25255151806233334,-0.7157582074623431,-0.20342208385809668,0.5393000502926106,2
951990107,-0.006458657186787229,-0.6399491605723916,0.024100461566584776,0.6519487698636129,2
952030101,0.610100937207684,0.4704045044780626,1.2185732477661477,0.05952157940905083,2
952030102,0.0235387938232308,-0.7848309218565505,0.30570071594683207,-0.06994139426898002,2
952030103,-0.23263706010705829,-0.3714465663096152,-0.10983038401664666,-0.09944836366778248,2
952030104,-0.3551290260074333,-0.7809516617202888,-0.12144482400583057,-0.1024436148738906,2
952030105,-0.29978727394840854,-0.6904936328832261,-0.015992530017163244,0.21206473948465318,2
952030106,0.3694039326584943,1.6016856965221744,1.110438505291999,-0.15777576541526378,4
952030107,1.1389634462242195,-0.42048216331907673,1.3852223690776764,0.5193521069176505,2
952030108,0.7113622114999301,1.829842712954621,1.4609003147825348,0.0069632456249785705,4
952030109,0.046432541105605775,-0.6517343694884489,0.05773883819943093,0.6049608140762616,2
952030110,-0.04761698270261446,-0.07962583075394128,-0.19245031441268476,0.2704682551566256,2
952050101,-0.1008782384039968,-0.504339883516269,-0.05716718650870814,0.21157831880384767,2
952050102,0.6360719628436816,-0.27411733954474077,0.4112806573250191,1.01899117308126,3
952050103,0.10139100819592949,0.11524283244492411,0.12034402865717476,0.30036293596135916,2
952100101,0.5227491426607102,1.3310350259969246,0.6620135881616678,-0.393240848518833,2
952100201,0.062088898046940226,2.0727464091283965,1.0582820070519918,-0.5853882045173775,4
952100301,-0.22496148842958086,0.38757889132923545,0.07876483256364163,-0.5496644070379687,2
952100401,-0.07857016442461602,-0.14227174352888275,0.4440813415202014,-0.2664458855953577,2
952100501,-0.338359248249304,-0.2247687377002609,0.14123107544038635,0.2773004027108711,2
952110000,-0.04644917712406465,-0.40596573089338506,-0.23450898491476124,1.0917427811370404,2
952120000,-1.572863274218751,-0.8287810667851653,-1.399000168443735,-1.3252506782581472,1
952130000,-1.2279825250448497,-0.7976776494041424,-1.1838528142046627,-0.5241312292029062,1
952140000,-1.6095251933430437,-0.8259859002083946,-1.4502034585557468,-1.3492526543508505,1
952180101,0.9518993619384446,1.1889671166215137,1.0244248692185358,1.4511110983641269,3
952180102,-0.42871363281760777,-0.5387930673517759,-0.4084263000756161,-0.24885511020909512,2
952180103,-0.13515629117561886,-0.8350987526728193,-0.20455865570308385,0.19948405813652925,2
952180104,0.09442111569541425,-0.4666966719962006,0.04374461442988302,-0.4567956370405231,2
952180105,0.14336216783015407,-0.6189880185694325,0.4140562239991901,0.6128900207845931,2
952180106,-0.0564737734902009,-0.8303003160952569,0.11288195819576699,-0.514261499877192,2
952180107,1.3157018874610786,0.78106847268759,1.646536762425508,0.6950301557742355,2
952180108,-1.4889513852863514,-0.8776792277639834,-1.4159334219349402,-1.236579945733899,1
952190101,-0.21062214157989526,-0.678726726457987,-0.3033959927613731,-0.22572758441493926,2
952190102,-0.2877091422726459,0.39013706974892115,-0.06484356548842322,-0.9794278952610906,2
952190103,-0.03141599504400047,-0.5494898019265501,-0.008928903848400923,-0.7293723577036442,1
952190201,-0.5427592731368414,-0.6414813327911327,0.1533493794495814,-0.6054866916906373,1
952190202,0.052047838964808454,-0.45029955576528236,0.35563962604455074,-0.4672827049713615,2
952190301,1.3231254053680968,1.4938735038885007,1.7310743241021833,0.5943296978585697,4
952190401,0.2775135889655969,-0.8177492620020972,0.5725206187532288,0.684215219919792,2
952190501,0.6928342349291966,1.8186698042444502,0.9245853527806228,0.1333642112922064,4
952190601,0.561281047003293,0.7438113551566344,1.2970606612980928,0.06309325983879907,2
952190701,-0.049219311591899836,0.8774061062387757,0.6105542464576321,-0.3258281204605924,2
952190702,-0.012891141356053152,0.9742577898251665,0.6231564948598602,-0.48086840507640455,2
952190801,-0.14478210879217543,0.01131309024949895,0.01554493080069666,0.31609946652252935,2
952290101,-0.0427998907514579,0.26579431920665997,-0.02711862854165392,0.658191632921191,2
952290102,-0.045401261592803936,-0.5234689786943529,-0.1397737941161402,-0.127939494686126,2
952290103,0.02459796519341845,-0.08852142774195292,0.14888200672420712,0.4492896549555921,2
952290104,0.36035190416555546,0.44295219268101604,0.7579470565557053,0.8506013494684214,3
952410000,-0.1892449945783545,-0.6236470629289278,-0.6495283878756606,0.7914649525762252,2
952500101,0.5919188578143768,-0.20955167232419664,0.4567306440546919,0.27868672773799735,2
952500102,-0.1460571342840212,-0.7958758590246836,-0.1603762544936294,0.2603387649653494,2
952500103,0.03492254400120229,-0.7146028398163388,-0.2552271256017017,0.7175245000322317,2
952500104,0.03889521301402754,-0.43658009115726026,0.04129288744573336,0.625999382677983,2
952520101,1.4751505074619027,1.597274926812531,2.497663798403159,0.6053882755450649,4
952520102,0.5097399713460146,-0.2671176606381128,0.34800982632977545,1.153663541992733,3
952520103,0.23828860061660387,0.14534469793103175,0.2328065252730063,0.1256976434935435,2
952520104,0.10914751161362635,-0.2692856879681437,0.3589214926990762,0.10976464547492899,2
952520105,0.06771475678416972,1.341346109791738,0.5018971805507971,-0.4567894017744632,2
952520106,-0.5011928319154374,0.2718258247250914,-0.026686013115474343,-0.7274601840091965,2
952520107,-0.10123162467824907,-0.3509280822927006,0.07202317952338537,-0.5320150200370477,2
952520108,-0.06558920892136344,-0.22719269296448505,0.40435514189868343,-0.1065667092655208,2
952520109,-0.35415868057657607,-0.23821051822359948,-0.23136792832701106,-1.0563215221275026,1
952520110,-0.48703539609864166,-0.8056741559919216,-0.09728683944657779,-0.5733192818325599,1
952520111,0.4022867516946123,-0.12351093517816641,0.49047295622324455,0.5497778091207446,2
952520112,0.5213697640436082,-0.06969302012182087,0.65721020439537,-0.2008309468222443,2
952520113,-0.018760515011848534,-0.41098393902187424,0.35437197562149797,-0.005414496791982206,2
952520114,0.19701011941203397,-0.2813415951096422,0.6854754883672214,-0.06056465142769341,2
952520115,0.4216998250194102,0.2792525795390232,1.127725915041523,0.12530865722260695,2
952520116,-0.37426231224617657,-0.6356593651223762,-0.10731129469818816,-0.3904137492304712,1
952530000,-1.266622265537266,-0.8616789120920154,-1.222325685055378,-0.7043639641257514,1
952540000,-1.1990225888705883,-0.845272054824027,-1.2614079265712748,-0.6565576351078299,1
952560000,0.7860840132406315,-0.15853314644303418,0.39475524981354965,1.9349996634155813,3
952570000,1.8493120740203632,0.6110843846026357,1.7741973045742283,2.8233091699167163,3
952580000,-1.3851174697140098,-0.8136779650761113,-1.3202566290390076,-0.8955198951045267,1
952680101,2.3280250373542803,0.5516323273457453,2.183141311853381,0.6345196105567674,3
952680102,-0.3338790803098289,1.3412555724248607,-0.5413858086650474,-1.001842132964636,2
952680103,-0.3213203801627786,-0.1206849098107278,-0.4844329402264902,-0.9937331311646288,1
952680104,-0.5048141599779253,-0.34706287879660996,-0.7169074118805346,-1.19299440187736,1
952680105,-0.5249637543289976,-0.4687566800458962,-0.6619064902958063,-1.1457038566141933,1
952680106,0.6603500088578016,0.176064751650503,0.0002743478320441426,-0.8455011749778644,2
952680107,-0.5071946794260537,-0.5834294967432611,-0.8794612317202111,-1.1978857355787114,1
952680108,0.3191118491690888,-0.26143758503290593,-0.33275724943507357,-0.8491235707229042,1
952680109,0.9906990391862607,-0.2843264830489249,0.7839506732172798,0.2671539651778995,2
952680110,-0.008451621457865863,-0.4648659651312161,-0.31418903368250634,-0.8718807850586534,1
952680111,0.23628787578865457,1.5108883995481235,-0.41552272563346637,-0.8328663248969761,2
952680112,0.1063795354165512,-0.6927215489792282,-0.13968625083709788,-0.025397877616175544,2
952680113,2.452067551675773,2.1130761285660253,1.6930313631343556,1.5939677857546053,3
952680114,0.8965042765280715,-0.21947127927635468,0.278276795223185,-0.9702321619500583,2
952680115,1.344765371859482,0.1535759525853308,0.9014138292516896,-0.49951967589674184,2
952700000,-1.2347454954952908,-0.6763479729471532,-1.1990784337717517,-0.7739362732470076,1
952710000,-1.2719045335630774,-0.8292113454658235,-1.2762108396833909,-0.6974041456270793,1
952770101,-0.17704006690419838,0.17338956340816875,-0.10884295180350138,-1.0838857085917937,2
952770102,-0.2765670116017438,0.06250152308581101,-0.1980992052592046,-0.9742974359898611,2
952770103,0.2930704060704955,0.09978697387717592,0.23512244064372625,-0.48146021514047,2
952770201,0.6800187064879799,-0.3714748823963384,0.28147656646419483,0.46809013564664004,2
952770202,0.19040477050073998,0.005908359699977407,-0.09851783984064799,-0.021755562176840174,2
952770301,-0.844010670501914,-0.3854259662337119,-0.8257367506147141,-0.8747642827449363,1
952770302,0.3269061899091312,0.28487605705496044,0.35506366828926367,0.3449956519693926,2
952770303,0.1474069173752682,-0.08937171213193015,-0.07194680710289189,0.29439489956781434,2
952770401,0.4941753155827808,1.680024030777547,0.6348278319016258,0.06864367768925428,4
952770402,-0.5363749489748569,-0.46090550829846855,-0.48275326880681374,-0.7684356872184709,1
952770403,0.01317989619899399,0.45903706612256145,0.03323621351572202,0.002627200252042699,2
952770501,-0.8456090781913599,-0.004981868705392028,-0.8403478770486706,-0.7908062156217521,1
952800101,1.9481335291970412,0.060694353480179784,1.080264174612915,1.2466569456471546,3
952800102,1.6342347909289217,2.0655883027081203,1.185137162818899,1.0916386959520126,4
952800103,0.9450808160734039,-0.6001494419343918,0.09509242224023975,1.1121430974818007,2
952800104,-0.2992797852251616,-0.8384430087508321,-0.6712018531989736,-0.04654068942713105,2
952800105,-0.059030312050681995,0.5328316256030013,-0.09188740605098195,-0.7843361418670408,2
952800106,1.011081332206346,0.29002341243437596,0.4779911768449702,0.6830582938072194,2
952800107,0.549048442226967,-0.4891558191056845,-0.13469992497846953,-0.11983056789754015,2
952800108,0.06931557766522074,0.49014194898096064,0.023625079929837308,-0.26082857087920885,2
952800109,-1.2886249355480275,-0.4764120002971036,-1.2794998409962766,-1.0049575517946772,1
952800110,0.116784708707742,-0.8345530650707568,-0.7827494120524475,0.07053239282573474,2
952800111,0.05428248753116248,-0.36252179820607544,0.057195646505132064,-0.7429419579546434,2
952820000,-1.5245272000937913,-0.8776792277639834,-1.4250160912255776,-1.2065709066019625,1
952870000,-1.0771880565215515,-0.4945405495140499,-1.1304837657590265,-0.5282826089399152,1
952880101,0.1541204733812401,-0.5883921195285633,0.17005830549689963,0.06684515050142976,2
952880102,0.8534243100321067,0.3116122172038565,0.6162214111764337,1.0543068557866895,3
952880103,0.5010561472838175,0.697328361517756,0.4616452170827218,0.9391029901700575,3
952950000,-1.5408933614417124,-0.846340678447853,-1.4197071911189347,-1.2058893278661242,1
952980000,-1.2381772268944393,-0.8142433472553329,-1.3321704894630637,-0.6024173507592309,1
953010000,-1.4384403115935447,-0.798781119450486,-1.2743303932397883,-1.0643397734585898,1
953030000,-1.498503438062609,-0.7839522601310334,-1.3891961679739964,-1.1212314344592893,1
953040000,-1.4611089593490953,-0.8616789120920154,-1.3237541627527087,-1.0484446398875469,1
953060101,-0.3456604965062721,-0.6630439229792068,-0.4547115464762319,0.2763641401986076,2
953060102,1.540126723242182,-0.5857094214660494,0.5230948012754844,2.558384380458378,3
953060103,2.0159470872370298,-0.029831726519744247,1.545640357824581,2.902011575633716,3
953060104,-0.8129041221311374,-0.13798645127615627,-0.8030734076610464,-0.5032542562471959,1
953060105,1.4307852620632224,2.186126004492716,2.072864506185003,1.0394787150193299,4
953060106,-0.06126054176848244,1.3890690348934138,0.26462023197491336,-0.4849731404268775,2
953060107,0.19681200120025946,0.12907480374677435,0.1650649293022425,0.4330655709704626,2
953060108,2.749002702858683,0.28763604150276323,1.799864924229898,2.0673445296630337,3
953060109,1.6430533976956783,0.26952988750399864,1.3998374854039575,2.5827147007714975,3
953080000,-1.1957827413011692,-0.7016757553723352,-1.2013404827731717,-0.6934407680698215,1
953090000,-1.498023500418915,-0.8472933071759341,-1.3886831487130213,-1.1760907038897566,1
953130101,0.08704339546617551,1.343076383518721,1.056725609332017,0.6397264891077773,2
953130102,-0.05003542990133898,0.83433121560991,0.7954438619523516,0.2699703978224156,2
953130103,-0.23646486001821498,-0.30553122230993834,-0.08963547009112306,0.7706138197089956,2
953130104,0.08070605475547511,1.1651486250813758,0.3119406809691352,0.474378616214026,2
953130105,0.17216151803348267,0.09556419178999614,0.5640494405965822,1.1885114042350695,3
953160000,-1.4607493358974653,-0.8449403996933944,-1.372691851148947,-1.0645655081827539,1
953230101,0.46004754778422763,0.05012346824969146,0.41940698913946683,0.39695355945321825,2
953230102,-0.26325963740542363,-0.6130370287614195,-0.4079498939706971,-0.01798284575806536,2
953230103,0.10627364904963568,-0.6224659023053503,0.02645562159169122,0.19166968165018974,2
953230104,0.018602307621071647,-0.4964692926331047,-0.026511884817514045,0.25934129564986075,2
953230105,0.35472819056622407,-0.3502409556788824,-0.20042555867519177,1.4972482672132097,2
953230106,-0.05314055676366469,-0.7071550460973618,-0.1542077011561901,0.20785476637206346,2
953230107,0.42144853333258014,-0.7925273016525011,0.04797794268187454,0.8494262412820083,2
953280000,-1.1893427845524331,-0.7496767023882392,-1.1278922747854496,-0.6060551996223813,1
953310000,-1.5074766479399953,-0.7976776494041433,-1.3797147021719256,-1.1795229925587072,1
953410000,-1.3732821521668839,-0.8292634774836325,-1.3009829918714635,-0.9209399903199451,1
953480000,-1.223208215246434,-0.8108003387710703,-1.2254028202446838,-0.7115098716065276,1
953510101,0.7598243626342321,0.13372399122671885,0.18004966039110232,1.2780755480685848,3
953510102,0.1717127994546649,-0.8623207357173929,-0.08826881919250518,0.3745210562749955,2
953510103,2.4245495769809895,1.906010018265351,2.1297467435236457,2.237646124748967,3
953520000,1.8023279363805829,1.6461439851083772,1.671137883808553,3.326386598570119,3
953530000,-0.20274141064606707,-0.15766502252542222,-0.505331273746662,0.7648059053968356,2
953550000,2.6128076799013433,2.9623965335083433,2.411611843480017,3.457373733183584,3
953650000,-1.0824395025234144,-0.44567070462084674,-1.1453799433539549,-0.5459776213147662,1
953690000,0.3800282985986435,-0.39314499943833026,0.5393056042110373,1.499636494686445,3
953700000,0.8755350768569075,0.23252382735603103,0.5864922039951141,1.9426562695187146,3
953710101,0.7168213987665161,0.12268692666753585,0.5313008247219329,1.911660614001233,3
953710102,0.10300548277477434,-0.7000593979657592,-0.4125604328066326,1.084773318223245,2
953790000,-1.5136670985110314,-0.8619302259507374,-1.3711448289886161,-1.204800755159341,1
953870000,-1.6163630277614818,-0.8776792277639834,-1.4572156079548886,-1.339209715852541,1
953880101,0.44957240272601523,0.01930181939108339,0.27623182523402884,0.789696348881598,2
953880102,0.5985815544274841,-0.4197674951916923,0.34388250077339044,1.4194203812896387,3
953920000,2.1368502109613763,0.3917898918113586,1.7966825217436537,3.8233940907432946,3
953940101,0.4763480282334869,0.233861473184479,0.6508265825146878,0.7834193470653086,3
953940106,0.30736055442865057,-0.45383538711575083,-0.19508995431698511,0.9502594680402675,2
953940109,0.40017874551324273,0.040058566646154675,0.0290437175827615,1.2054390766873995,3
953940110,-0.1432180604105264,-0.5999746221316183,-0.7818607198133347,0.6619916507325062,2
953950000,-0.9742482291446485,-0.7976776494041433,-1.1278922747854496,-0.2947441120283759,1
954090000,-0.5368508748590319,-0.40098146633369547,-0.5972390073042031,-0.23222185805910592,2
954220000,-1.3844419091104543,-0.7933449068359996,-1.2295042234393263,-1.0167341709659907,1
954240101,0.7465472438812742,-0.006497498607433587,0.692905328450996,0.8034347571379912,3
954240102,0.9117096256246549,-0.19360323816238217,0.5793636938550337,1.0762129747695153,3
954240201,-0.21771530062531985,-0.675441676517825,-0.2526923107738819,-0.6330945125157824,1
954240301,0.17654597442176076,-0.17105182377815523,0.37138512944352986,-0.19268913365632243,2
954240302,0.041726903082121576,-0.4508572806517757,-0.116469328411496,-0.41932364008493883,2
954240303,0.5391342649227829,-0.340006883762163,0.2223444524195295,0.36588041509506813,2
954240401,1.8354262557002679,1.5829166139661035,1.3722033669659741,1.0013651052690948,4
954260000,0.42973906201585865,0.21516603078663074,0.16365387513278581,1.6065132909744726,3
954270101,0.4304246591786419,1.0300134597611463,0.24041383216613488,0.14383150349559948,2
954270102,-0.6240857935290692,-0.5389880584673687,-0.6691692990064598,-0.6013423948070086,1
954270103,0.11465926512887391,-0.28623195594070766,0.15224190905189525,-0.3150634262736635,2
954270104,0.4241490754495505,1.4874591078908084,0.6471592964256072,-0.2648569807879419,2
954270105,-0.11477487046020772,-0.7632012640265554,-0.4441178553831496,-0.25308702221448476,2
954270106,0.37922726319101485,-0.44253569696440054,-0.05600599644272632,0.3236803607036455,2
954270107,-1.0925855635268338,-0.7116111563265636,-1.189859484743956,-1.1315469688878965,1
954280101,0.05938985523522101,-0.02909941385332722,0.34824516906082603,0.04374616600691626,2
954280102,-0.3772882748811214,-0.3325269888425794,-0.010680983903958594,-0.10644647393295224,2
954280103,-0.16773003164041542,-0.13296729109813846,0.5774980428129179,-0.09921054439499967,2
954280201,-0.26140456141990953,0.8112713313793779,-0.31953046648361666,0.19505515589087,2
954280202,-0.2813946416250438,-0.04221616848297858,-0.11351272309539635,0.047225494123625554,2
954280203,-0.5023889502081071,-0.03364521917732524,-0.13162630760353314,-0.05189743434763197,2
954280204,-0.3235226864635613,1.1242330971694199,0.08275771864697447,-0.12443851491060993,2
954280301,-0.567097867467724,-0.31300434457662835,-0.5171990537380988,-0.7796481405835246,1
954280302,-0.31333469282666787,-0.8370506082274297,0.06361081636871008,0.26611555650708646,2
954280303,0.003100554207186352,-0.22330371645304134,0.21883974969702932,0.06390612874430948,2
954280304,-0.2307653695728265,-0.4549882739964647,-0.20913886763374984,0.29562556047641825,2
954290000,-1.3472744460294324,-0.8092825044309656,-1.2768918687461779,-0.8877448022325306,1
954300000,1.0028184927173256,-0.23766660088526234,0.7992488014638311,2.0919742261923324,3
954360000,-0.4713658733503702,-0.6023085064264964,-0.6665748898571122,0.4604074226780493,2
954380000,-1.5707880848042934,-0.8442992588621192,-1.4442080178064647,-1.254619965443226,1
954450000,-1.1300951824640613,-0.605673861340527,-1.1139021399306455,-0.5623624153986613,1
954460000,-0.2874331302714203,-0.4423906363206337,-0.47679772465026254,0.9690767068422115,2
954470000,-1.4842928036445453,-0.7816773337321753,-1.3587294998897192,-1.157676600446847,1
954500000,-0.11515799886325649,-0.41367007327691063,-0.43188306575893987,0.5736499744180603,2
954520000,-1.0090239955878233,-0.5416725986526549,-0.953015589100397,-0.4367456607554661,1
954560000,-1.1326041960144644,-0.579830264019852,-1.1162354747640428,-0.6412554956455458,1
954590000,-1.1203654790822293,-0.79169163860663,-1.1797719198704562,-0.5699962507840697,1
954620000,-1.4393496588972434,-0.8610316856230259,-1.3194544546570532,-1.009271561981639,1
954760101,-1.2905693319898044,-0.7808012752982447,-1.2549726810394262,-0.9635749223091735,1
954760102,1.0679837394202205,1.233676962421388,1.205310742223656,2.0669474537475887,3
954760103,-0.4485466962468458,-0.8776792277639834,-1.4640311323309438,-1.274054162772345,1
954760104,0.2809435588636633,-0.7712254928673844,-0.4573060585786112,1.7304506245918423,2
954760105,0.3086277053587453,-0.5989745321760405,0.1897742958044258,0.20229636490067765,2
954760106,-1.6020695772564513,-0.8776792277639834,-1.463655387389153,-1.3894798262445591,1
954760107,0.7539268988405086,0.7297096481774037,0.6727182610781746,1.3160493435830731,3
954760108,0.9162641170639061,0.3987556690600603,0.7949820943752609,1.2481972719588186,3
954800101,-0.04696474669652642,-0.3008242075754143,-0.2832193291367511,1.3204349748543962,2
954800102,0.7710379922299627,-0.733465472716842,0.46634913666308303,1.8455163220435495,3
954830000,-1.2467923796145284,-0.8776792277639834,-1.270517305445928,-0.7455540374785918,1
954870101,2.1789646039896255,4.544424299707415,2.440624798238595,1.797626071258713,4
954870102,-0.5208989745809892,-0.3864582476233997,-0.603370751112724,-0.7663086838279073,1
954870103,-0.5249785957206408,-0.05825064538073957,-0.5192989338088473,-0.9851851027895503,1
954870104,0.11867356966864415,-0.2018586445292051,0.035237540738697046,0.2906181131833003,2
954870105,0.701495898705362,0.32876013267190723,0.6187479096000005,0.1940464193000202,2
954880101,0.7117324476744551,0.8823554961524996,0.6383622506335827,0.6992667290612554,3
954880102,0.5017898576656592,0.7383526551047873,0.4774756998033342,0.7866522975086956,3
954880103,0.254495518514194,-0.07766344416558207,-0.12410009895324711,0.8958842580679958,2
954880104,-1.6182439040182557,-0.8776792277639834,-1.4846407135829571,-1.3870637176213774,1
954880105,-1.2305585077443442,0.09834002822606623,-1.281783758188296,-0.8463655128528417,1
954880106,-1.4727008814968203,-0.7656770180602073,-1.3972023707404309,-1.2559853649502173,1
954890000,-1.159661648288653,-0.6744699835673492,-1.1403011048825964,-0.5847118875686661,1
954910101,-1.644966720089125,-0.8776792277639834,-1.4809931288544016,-1.414167580864694,1
954910102,1.0818788931415597,0.5495202953477818,0.895646275513732,1.5269599681296173,3
954910103,0.05033234597400818,-0.17521637737025553,0.8189455858231008,0.2959935352104476,2
954910104,0.13730516537651363,-0.5853680789403553,-0.13786482698653277,1.2490415553944603,2
954910105,-1.6112783577574081,-0.8776792277639834,-1.4557172492012111,-1.3806830322395776,1
954920000,-1.6007060492011496,-0.7803622392933833,-1.4136359880527523,-1.3423235036388697,1
954930000,-1.5706873003352815,-0.814662599886694,-1.398655192436891,-1.258506102501586,1
955000103,0.5052228027475973,0.027907691905259047,0.774623882012036,0.9848939930200398,3
955000201,2.4573485976811966,6.364573600386633,3.416210417586899,0.01811776095295346,4
955000301,-0.31684369916618216,-0.20736257841775213,0.13229483837898212,-1.1762611567834442,1
955000304,1.9361803573968128,0.8100512126624191,1.9249080493893076,1.578034375124357,3
955000401,0.7029786932468293,-0.16608658495987774,1.0928398156754386,0.02729865606791193,2
955000501,0.7855060064316114,1.122382776194172,0.801780648397456,-0.9892133406369402,2
955000601,-0.09186097824109003,1.0028569867824735,0.7341497147231271,-0.37837132370837573,2
955000701,1.4010703549138175,0.10571063022494666,2.004064767530112,0.09880272911571049,2
955000801,0.8874637785461752,1.2244390845888193,1.149258095945261,-0.040964158337440555,4
955000901,-0.21360228544708715,-0.2057838942183167,0.40551021960852485,-0.810143742023832,1
955040000,1.137697727969574,0.09106855104183163,0.7673825118898657,2.9336351695505796,3
955090000,0.9687458552387378,-0.018485050840179287,0.5951706865168844,1.9854738268013592,3
955100000,-1.1636595111382957,-0.7493397185431474,-1.1985291902545065,-0.8623130370352102,1
955230000,-1.3184069421497515,-0.5872023167700697,-1.065594864488874,-1.0970999413322042,1
955270000,0.8675995235984246,0.5722819109149997,1.0391604760945379,0.6573685802857591,2
955290000,-1.0207887320700684,-0.6317982385349754,-1.0379777902556144,-0.3795325119175463,1
955350000,-0.8462072375340561,-0.6404330867650129,-0.938025532437756,0.01835511532218519,1
955390101,0.8831417804783848,-0.3398547589238099,0.5320717145608641,1.4593727304663255,3
955390102,1.121190918611276,2.497026225318857,1.5871189741737168,0.8759527104718569,4
955390103,-1.569298486629245,-0.8776792277639834,-1.463739302275663,-1.378738836709754,1
955390104,-0.0915232897174654,-0.8776792277639834,-0.3107223854253547,0.38563663844026186,2
955390105,-0.23376759301624914,-0.8776792277639834,0.1475177177178288,-0.33833532821996226,2
955390106,-0.20990876614681478,-0.05887255872546997,0.23212213295312506,-0.6176021144015506,1
955390107,-0.25595418466827513,-0.8456779766703427,-0.44483717504284465,-0.14601207018549417,2
955410000,-0.9990474576615742,-0.5314256377476584,-0.9447684114455227,-0.6390263991874419,1
955430000,-1.5023459716542253,-0.8776792277639834,-1.3979828121476205,-1.0731798111216362,1
955540000,-1.0051600215385816,-0.7656770180602073,-0.9495180553866959,-0.3111289061122709,1
955550101,-0.10641634534591674,-0.20654867048467238,0.36477992883992966,0.33103774448713685,2
955550102,0.5564534502742347,0.8449146008314679,1.1521807334469456,0.15788378323660573,2
955550103,-0.03678487428284292,0.3325695370553376,0.7101343273867199,0.1787818651247155,2
955550104,0.41298031821009745,-0.06114015493177978,0.5426500667709085,-0.45951226426786124,2
955550105,0.8316293283266076,0.46547331036104245,1.4490716572777895,0.2784784467178775,2
955550106,0.5966307008764766,-0.783911433307891,0.5773317425325742,-0.4577341047267323,2
955550107,-0.390886051636129,-0.17444817471775947,0.09612783547734305,-0.6487521788345865,1
955550108,0.010866959674997692,0.2982212978356542,0.36049250530771365,-0.45003566347849616,2
955630101,-1.6594596272101665,-0.8776792277639834,-1.4916357810103593,-1.4198333057891674,1
955630102,0.12803860040416748,-0.5003691119494145,-0.10768165871993385,1.1572867952856063,2
955630103,0.6686852593535026,2.419545349482295,1.2765001951886656,0.30014115343038683,4
955630104,0.9511117165666952,1.064698006697337,0.9575717641067805,1.9099228388168425,3
955630105,-0.41867907545513106,-0.5942344051505892,-0.532270555855387,0.4025832701874631,2
955630106,0.6969980686309505,-0.41557998937969953,1.1351117399841937,0.24168015924299543,2
955630107,-0.08012610399198901,-0.798729326783051,-0.05351156640707764,0.5887034556035577,2
955660000,0.1955834557131219,-0.2202108171503778,-0.1456030604004969,1.349866708684334,2
955720101,-0.3166956447155515,-0.20020695461643676,-0.24702562532950814,-0.9043860239930251,1
955720102,0.27033570473285823,0.2314356358947882,0.7937190619170176,-0.40036991964482743,2
955720103,2.3800640356644993,1.9557675993957928,3.073019710312839,1.8946537654565863,3
955720104,-0.7640438496959693,-0.6277621899113077,-0.6060942680107477,-1.0665100639039224,1
955720105,0.07674924941554297,-0.4106125884613882,0.1289211809142044,-0.47420752793824916,2
955720106,0.21498009536066842,-0.3105889838451154,-0.0818241853654253,0.8719463778744461,2
955720108,0.48123094566124647,0.26053400336655497,0.6252016458755275,0.08357950126164869,2
955720112,2.5704244280972715,3.34578023261843,3.002499649005071,2.6738455807517947,3
955720116,-1.166866133288042,-0.7812003714619197,-1.1971391627982322,-1.0114191053798527,1
955720117,-1.589756297229236,-0.8776792277639834,-1.4916357810103593,-1.4198333057891674,1
955720118,-1.5164921312669044,-0.6536740936938626,-1.4076947040772005,-1.3597555358103497,1
955740101,-1.6479492216662528,-0.8776792277639834,-1.4883198116606713,-1.3975117894001308,1
955740102,-0.14544244470410886,-0.4298311874107482,-0.6385573232318342,0.8488809890860972,2
955740103,0.14970907287999732,-0.6614820871062859,-0.3641216439595615,1.1841321070005288,2
955740104,0.3140551260561645,0.02251915247761704,0.44106227911167883,0.6474078432380809,2
955800000,0.009777162062223298,-0.6376744926844631,-0.47035593660965147,1.7205855602907119,2
955820101,0.6879031803538824,-0.44262726991718926,0.18799478276704365,-0.21368018904303332,2
955820102,0.037219905439647524,-0.519725270297454,0.023176829954330555,0.16114254495318053,2
955820103,0.022725219757318928,0.7447011926255185,0.308992454658368,-0.4773159988738131,2
955820104,0.5227275236898925,-0.07481937096135727,0.7129961955951045,0.33495613185538575,2
955820105,-0.1357846982740304,-0.7450824622328316,-0.11661853030217652,0.021415012476115564,2
955820106,0.791394031226967,1.5556719147361011,1.1735640876194906,0.7212007123749015,4
955820107,0.1736946204290404,0.09370213865647532,0.13579878159864786,0.1305295154647991,2
955820108,0.6762590717601921,-0.3797290717346479,0.8049219515100242,0.2095147677938558,2
955820109,0.18654582625333946,1.9797638371252169,0.6468264810151694,-0.5049787806304432,4
955820110,0.5518838085013906,0.42558035302797736,0.9044453830842635,-0.1315256648030188,2
955840000,-1.153574656145778,-0.7984457028686812,-1.1767490966487681,-0.5790317332291367,1
955850101,-0.9866510936534182,-0.79054452881172,-0.8453570432178246,-0.7369540672365769,1
955850102,0.2015529386786725,-0.16662380284938794,-0.30272669208946046,-0.8881010539368894,1
955850103,-0.3048626687445356,0.18254804588156634,-0.6618756228094628,-1.167626759235298,1
955850104,-0.35144344880468675,-0.4574156014622706,-0.8391728434698753,-1.0910175361450467,1
955850105,-0.46307550289259675,-0.5855227829987044,-0.6016005820301953,-1.104950167298382,1
955850106,-0.27988517544516883,-0.4704743221456296,-0.44152395050753435,-1.0794075228399012,1
955850107,0.10586947305004796,-0.5313865241227222,-0.48355661717177617,-1.031067305171531,1
955850108,-0.6426630322959583,-0.7344633331327171,-0.7285698401082421,-1.2097567092816537,1
955850109,-0.24414431882139923,0.04651040357520465,-0.49639132072667785,-1.0600345783000173,1
955850110,0.3623273939587016,-0.08758293685931622,0.19731404395080415,-0.888038850742034,2
955850111,-0.3358360524520101,0.7900929019902733,-0.46879233065396625,-1.0720902082295163,2
955850112,-0.3957780983526227,-0.8302978105018125,-0.6716445098684354,-0.28651384089702153,2
955850113,-0.28482381615408786,-0.6576405267263633,-0.3553522878212666,-0.4989816570327937,1
955850114,0.34433244008798675,1.3283291526165502,0.6531168688244199,0.03678683355132545,2
955850115,2.6551175490576506,0.4367182355958945,1.8016216839162087,1.226712968414911,3
955850116,0.7224204301532116,0.0740200415178195,0.3072674360972922,0.608069158592784,2
955850117,0.4898096843383586,-0.7454923010506338,0.2276987463503457,-0.19099394803528266,2
955850118,0.11931604522566584,-0.34267859090862945,0.006075470923862179,-0.7617987846034548,2
955850119,0.3134136788809467,-0.39775023322663733,0.057204575981654134,-0.8714912199885141,2
955850120,0.24917679777105453,-0.7240572722147892,-0.23537217556655318,-0.8518918331879791,1
955850121,-0.21121680586449135,-0.7280154514273224,-0.5129126791805807,-0.9456435131267149,1
955850122,-0.12869414310949412,-0.8345492893630245,-0.39971423542200474,-0.8971762971720483,1
955850123,-0.5634954789670861,-0.7246742296598966,-0.4758221638104879,-1.1543011620484696,1
955850124,-0.15900848794193537,-0.7438646392246389,-0.2880987717651657,-0.9093637543658529,1
955850125,0.4246370417426246,-0.6996045238584154,0.5080868421730529,-0.8258719605650416,2
955920000,-0.7153619678454584,-0.621674177012495,-0.7781389034153442,0.25687728879608984,1
955940000,-0.8772654585233642,-0.45108121598969075,-0.8561494048985867,-0.1793981082046316,1
955980101,1.2449190278849542,1.0351464423573582,0.688500419300244,2.4669766666368482,3
955980102,0.7801709259910863,-0.04647634113879631,1.0517555354953194,-0.20263692906522696,2
955980103,-0.19002596271083014,1.2266309093109278,0.7055656376897832,-0.0024388863862112005,2
955980104,-0.09642257545806174,-0.16517597133633855,0.010184305915410058,0.7151384937402581,2
955980105,0.031901694059361496,-0.48486519462924754,0.3816540048582831,0.130908363375986,2
955980106,-0.12002839390001195,0.7984392094343284,0.2609021931524214,-0.6590624878677755,2
955980107,-0.3083480834724738,-0.1243782995168998,-0.037921559253237896,0.018307600996946057,2
956040000,1.5137473504320433,0.39764309518967655,1.4522066848336004,1.9571934097453425,3
956070101,-1.4831005069730456,-0.8329119251644626,-1.3114037651330281,-1.2750035790880565,1
956070102,0.12448831684474282,0.9500754560237848,0.6619492432070956,0.14018473632169332,2
956070103,-0.49120285819191767,-0.7223435593380881,-0.5578895023356242,-0.13472462211413846,2
956070104,0.41152102600934565,-0.45947789893391217,0.3430486239680468,0.8280318585640221,2
956070105,0.6465808416637064,-0.5621251581283292,0.5428278777199036,1.2150282263126937,3
956070106,-0.35250055568930755,-0.7343736244872362,-0.20572563503353428,0.4331194228537512,2
956070107,-0.24745926646031619,-0.3090242047616842,-0.28595714041272513,-0.4673470667013963,2
956070108,0.10985472652868467,-0.7493469424289867,0.6305639929321974,0.19057863454731858,2
956070109,-1.6594596272101665,-0.8776792277639834,-1.4916357810103593,-1.4198333057891674,1
956070110,0.23490584018103655,-0.5744031344502529,0.4602259887509138,-0.017122771345561234,2
956070111,-0.10468363712739275,0.6351722951951251,0.019869696852794952,-0.372732907740855,2
956070112,-0.31004051141035643,-0.7812757870626882,-0.28272357204406334,0.3279064425262818,2
956070113,1.1369989444260553,1.5471359112271277,1.4288640007092406,1.355343971870033,3
956100000,-1.4345410267959953,-0.829847949123229,-1.3728096782721133,-1.0008605625702562,1
956110000,-1.62081988671775,-0.8599010992395746,-1.4566604438733488,-1.3834226522694009,1
956120000,1.8281575271110164,1.058912578297431,1.128800030780784,2.4022643723063153,3
956250000,-0.694754106249503,-0.621674177012495,-0.7431635662783337,0.027490171621559544,1
956270000,-1.2018582115510474,-0.7949315056467773,-1.1656724229520585,-0.663974312311495,1
956280000,-0.7466030256396856,-0.4965020879091119,-0.6723018006987082,-0.0048631018605746704,1
956330000,-1.581685765707249,-0.8618405314422374,-1.4362404995650742,-1.3225175591090637,1
956370101,1.8218069531590682,1.3857781471005703,1.4945566725943193,1.7763047302718205,3
956370102,0.4527538420449437,-0.36452260082154714,0.06794706725691359,0.687037421522689,2
956370103,-0.40553761237517544,-0.8776792277639834,-0.6796785659463112,0.0881763322437655,2
956370104,0.8947786881120384,0.27284186161063523,0.7784823063290579,0.9941712699205223,3
956370105,0.9733699125941838,0.6225496542850427,0.5918719604126781,0.783743000993565,3
956370106,-0.8561867873616935,-0.5298438591077723,-0.854966621320327,-0.23895305068264244,1
956410000,0.4785387681189873,-0.027926026699862074,0.05882351579220711,1.4533736261415808,3
956510000,-1.0476637360802397,-0.36566912626100656,-0.8061191731249526,-0.5077464351190112,1
956520000,2.1299940873952443,1.3459661863478911,1.946322381390607,3.879567671565464,3
956560000,-1.386405461063757,-0.8456785964200474,-1.2712911570471928,-0.8845966990485967,1
956580000,-0.8535780428143305,-0.7415306082310891,-0.9568864018513337,-0.11549699016478639,1
956600000,-1.0553057434589528,-0.7607218137527657,-1.1473502885001725,-0.43573368987882716,1
956750000,-0.4564757065462683,-0.06166312849361404,-0.5892720828754873,0.12033733809696467,2
956760000,-1.3052620060296825,-0.8136779650761113,-1.2013404827731717,-0.8026727286291215,1
956780000,-1.050564723014734,-0.6173159283902844,-1.0210719066878247,-0.3559070277102717,1
956800101,-1.2377734944486063,-0.7830626239200406,-1.2533570756702908,-1.110932798884758,1
956800102,0.30044906161459367,0.8980450590144077,0.3353569762155539,-0.18073185995125546,2
956800103,-0.6834578157960081,0.09684069004758022,-0.6492311190301355,-1.102706324433252,1
956800104,-0.2246982558332672,0.8133724965543903,-0.26363985762314734,-1.0341350360746604,2
956800105,-0.3216114693212829,-0.4714131574333955,-0.15188315997943072,-0.6924705331591552,1
956800106,-1.579660738008688,-0.6696785585869584,-1.4463186406336155,-1.4198333057891674,1
956800107,-0.16028104210963925,-0.35360911326937383,-0.09817984731049281,-0.7051925580672314,1
956800108,0.5521062615079994,-0.1569897193358329,0.4933475062431276,-0.3051175627228625,2
956800109,0.39744033406541046,-0.2567745004664193,-0.08266638810068798,-0.04209321825310127,2
956800110,0.985791168201366,1.07721378133832,0.5664353044646552,0.2233655194109695,2
956800111,-0.107795376782271,1.2930339629209227,-0.13117339156610222,-0.6451754145036437,2
956800112,-0.2985999136876614,-0.6944435244799597,-0.49956848231230916,-0.7874306387768423,1
956800113,-0.08908809223004424,0.3638655480217734,-0.34689607492262203,-0.8819767094943746,2
956800114,-0.5211612145247289,-0.5927268884796082,-0.6763132659744138,-1.1094601885681874,1
956820000,-1.5113406219892367,-0.8776792277639834,-1.4181875730226372,-1.168599796502777,1
956900000,-1.3931934527288068,-0.8282030451771825,-1.3067914881164746,-0.9458441507268404,1
